"Country or Area","Year(s)","Variant","Value"
"Iran (Islamic Republic of)","2100","Medium","79906.39"
"Iran (Islamic Republic of)","2100","High","117786.974"
"Iran (Islamic Republic of)","2100","Low","52190.509"
"Iran (Islamic Republic of)","2100","Constant fertility","80061.797"
"Iran (Islamic Republic of)","2100","Instant replacement","112161.037"
"Iran (Islamic Republic of)","2100","Zero migration","84263.277"
"Iran (Islamic Republic of)","2100","Constant mortality","64064.751"
"Iran (Islamic Republic of)","2100","No change","64169.142"
"Iran (Islamic Republic of)","2100","Momentum","98636.153"
"Iran (Islamic Republic of)","2100","Instant replacement zero migration","117237.32"
"Iran (Islamic Republic of)","2100","Median PI","79906.39"
"Iran (Islamic Republic of)","2100","Upper 80 PI","97667.774"
"Iran (Islamic Republic of)","2100","Lower 80 PI","64457.643"
"Iran (Islamic Republic of)","2100","Upper 95 PI","110135.496"
"Iran (Islamic Republic of)","2100","Lower 95 PI","56831.208"
"Iran (Islamic Republic of)","2099","Medium","80380.848"
"Iran (Islamic Republic of)","2099","High","117494.356"
"Iran (Islamic Republic of)","2099","Low","53058.74"
"Iran (Islamic Republic of)","2099","Constant fertility","80526.312"
"Iran (Islamic Republic of)","2099","Instant replacement","112056.234"
"Iran (Islamic Republic of)","2099","Zero migration","84683.928"
"Iran (Islamic Republic of)","2099","Constant mortality","64673.187"
"Iran (Islamic Republic of)","2099","No change","64770.917"
"Iran (Islamic Republic of)","2099","Momentum","98736.177"
"Iran (Islamic Republic of)","2099","Instant replacement zero migration","117057.47"
"Iran (Islamic Republic of)","2099","Median PI","80380.848"
"Iran (Islamic Republic of)","2099","Upper 80 PI","97843.374"
"Iran (Islamic Republic of)","2099","Lower 80 PI","65209.239"
"Iran (Islamic Republic of)","2099","Upper 95 PI","110083.503"
"Iran (Islamic Republic of)","2099","Lower 95 PI","57647.719"
"Iran (Islamic Republic of)","2098","Medium","80850.629"
"Iran (Islamic Republic of)","2098","High","117199.398"
"Iran (Islamic Republic of)","2098","Low","53922.677"
"Iran (Islamic Republic of)","2098","Constant fertility","80982.38"
"Iran (Islamic Republic of)","2098","Instant replacement","111946.387"
"Iran (Islamic Republic of)","2098","Zero migration","85099.865"
"Iran (Islamic Republic of)","2098","Constant mortality","65290.575"
"Iran (Islamic Republic of)","2098","No change","65377.83"
"Iran (Islamic Republic of)","2098","Momentum","98837.933"
"Iran (Islamic Republic of)","2098","Instant replacement zero migration","116872.858"
"Iran (Islamic Republic of)","2098","Median PI","80850.629"
"Iran (Islamic Republic of)","2098","Upper 80 PI","98073.698"
"Iran (Islamic Republic of)","2098","Lower 80 PI","65948.379"
"Iran (Islamic Republic of)","2098","Upper 95 PI","109919.568"
"Iran (Islamic Republic of)","2098","Lower 95 PI","58491.972"
"Iran (Islamic Republic of)","2097","Medium","81316.334"
"Iran (Islamic Republic of)","2097","High","116903.502"
"Iran (Islamic Republic of)","2097","Low","54782.63"
"Iran (Islamic Republic of)","2097","Constant fertility","81431.008"
"Iran (Islamic Republic of)","2097","Instant replacement","111832.033"
"Iran (Islamic Republic of)","2097","Zero migration","85511.693"
"Iran (Islamic Republic of)","2097","Constant mortality","65914.63"
"Iran (Islamic Republic of)","2097","No change","65988.004"
"Iran (Islamic Republic of)","2097","Momentum","98939.235"
"Iran (Islamic Republic of)","2097","Instant replacement zero migration","116684.009"
"Iran (Islamic Republic of)","2097","Median PI","81316.334"
"Iran (Islamic Republic of)","2097","Upper 80 PI","98223.678"
"Iran (Islamic Republic of)","2097","Lower 80 PI","66654.813"
"Iran (Islamic Republic of)","2097","Upper 95 PI","109606.122"
"Iran (Islamic Republic of)","2097","Lower 95 PI","59406.944"
"Iran (Islamic Republic of)","2096","Medium","81777.235"
"Iran (Islamic Republic of)","2096","High","116605.869"
"Iran (Islamic Republic of)","2096","Low","55638.368"
"Iran (Islamic Republic of)","2096","Constant fertility","81873.285"
"Iran (Islamic Republic of)","2096","Instant replacement","111713.725"
"Iran (Islamic Republic of)","2096","Zero migration","85918.579"
"Iran (Islamic Republic of)","2096","Constant mortality","66541.763"
"Iran (Islamic Republic of)","2096","No change","66599.585"
"Iran (Islamic Republic of)","2096","Momentum","99037.918"
"Iran (Islamic Republic of)","2096","Instant replacement zero migration","116491.468"
"Iran (Islamic Republic of)","2096","Median PI","81777.234"
"Iran (Islamic Republic of)","2096","Upper 80 PI","98379.037"
"Iran (Islamic Republic of)","2096","Lower 80 PI","67365.322"
"Iran (Islamic Republic of)","2096","Upper 95 PI","109405.182"
"Iran (Islamic Republic of)","2096","Lower 95 PI","60247.327"
"Iran (Islamic Republic of)","2095","Medium","82232.622"
"Iran (Islamic Republic of)","2095","High","116305.929"
"Iran (Islamic Republic of)","2095","Low","56489.643"
"Iran (Islamic Republic of)","2095","Constant fertility","82310.197"
"Iran (Islamic Republic of)","2095","Instant replacement","111591.968"
"Iran (Islamic Republic of)","2095","Zero migration","86319.697"
"Iran (Islamic Republic of)","2095","Constant mortality","67168.576"
"Iran (Islamic Republic of)","2095","No change","67210.814"
"Iran (Islamic Republic of)","2095","Momentum","99131.992"
"Iran (Islamic Republic of)","2095","Instant replacement zero migration","116295.712"
"Iran (Islamic Republic of)","2095","Median PI","82232.622"
"Iran (Islamic Republic of)","2095","Upper 80 PI","98620.997"
"Iran (Islamic Republic of)","2095","Lower 80 PI","68072.591"
"Iran (Islamic Republic of)","2095","Upper 95 PI","109468.934"
"Iran (Islamic Republic of)","2095","Lower 95 PI","60919.062"
"Iran (Islamic Republic of)","2094","Medium","82682.609"
"Iran (Islamic Republic of)","2094","High","116004.436"
"Iran (Islamic Republic of)","2094","Low","57336.81"
"Iran (Islamic Republic of)","2094","Constant fertility","82743.023"
"Iran (Islamic Republic of)","2094","Instant replacement","111467.364"
"Iran (Islamic Republic of)","2094","Zero migration","86715.1"
"Iran (Islamic Republic of)","2094","Constant mortality","67792.299"
"Iran (Islamic Republic of)","2094","No change","67820.067"
"Iran (Islamic Republic of)","2094","Momentum","99219.396"
"Iran (Islamic Republic of)","2094","Instant replacement zero migration","116097.308"
"Iran (Islamic Republic of)","2094","Median PI","82682.609"
"Iran (Islamic Republic of)","2094","Upper 80 PI","98761.592"
"Iran (Islamic Republic of)","2094","Lower 80 PI","68714.014"
"Iran (Islamic Republic of)","2094","Upper 95 PI","109414.478"
"Iran (Islamic Republic of)","2094","Lower 95 PI","61561.953"
"Iran (Islamic Republic of)","2093","Medium","83130.842"
"Iran (Islamic Republic of)","2093","High","115707.601"
"Iran (Islamic Republic of)","2093","Low","58182.531"
"Iran (Islamic Republic of)","2093","Constant fertility","83173.99"
"Iran (Islamic Republic of)","2093","Instant replacement","111341.523"
"Iran (Islamic Republic of)","2093","Zero migration","87108.568"
"Iran (Islamic Republic of)","2093","Constant mortality","68412.837"
"Iran (Islamic Republic of)","2093","No change","68425.886"
"Iran (Islamic Republic of)","2093","Momentum","99298.326"
"Iran (Islamic Republic of)","2093","Instant replacement zero migration","115897.856"
"Iran (Islamic Republic of)","2093","Median PI","83130.842"
"Iran (Islamic Republic of)","2093","Upper 80 PI","98840.665"
"Iran (Islamic Republic of)","2093","Lower 80 PI","69369.288"
"Iran (Islamic Republic of)","2093","Upper 95 PI","109155.604"
"Iran (Islamic Republic of)","2093","Lower 95 PI","62290.04"
"Iran (Islamic Republic of)","2092","Medium","83578.196"
"Iran (Islamic Republic of)","2092","High","115417.084"
"Iran (Islamic Republic of)","2092","Low","59028.079"
"Iran (Islamic Republic of)","2092","Constant fertility","83605.238"
"Iran (Islamic Republic of)","2092","Instant replacement","111216.084"
"Iran (Islamic Republic of)","2092","Zero migration","87500.923"
"Iran (Islamic Republic of)","2092","Constant mortality","69027.731"
"Iran (Islamic Republic of)","2092","No change","69027.05"
"Iran (Islamic Republic of)","2092","Momentum","99367.362"
"Iran (Islamic Republic of)","2092","Instant replacement zero migration","115698.989"
"Iran (Islamic Republic of)","2092","Median PI","83578.196"
"Iran (Islamic Republic of)","2092","Upper 80 PI","98939.444"
"Iran (Islamic Republic of)","2092","Lower 80 PI","70015.203"
"Iran (Islamic Republic of)","2092","Upper 95 PI","109026.013"
"Iran (Islamic Republic of)","2092","Lower 95 PI","63015.075"
"Iran (Islamic Republic of)","2091","Medium","84025.819"
"Iran (Islamic Republic of)","2091","High","115134.942"
"Iran (Islamic Republic of)","2091","Low","59874.956"
"Iran (Islamic Republic of)","2091","Constant fertility","84038.912"
"Iran (Islamic Republic of)","2091","Instant replacement","111092.765"
"Iran (Islamic Republic of)","2091","Zero migration","87893.29"
"Iran (Islamic Republic of)","2091","Constant mortality","69635.05"
"Iran (Islamic Republic of)","2091","No change","69622.606"
"Iran (Islamic Republic of)","2091","Momentum","99425.404"
"Iran (Islamic Republic of)","2091","Instant replacement zero migration","115502.408"
"Iran (Islamic Republic of)","2091","Median PI","84025.819"
"Iran (Islamic Republic of)","2091","Upper 80 PI","99020.962"
"Iran (Islamic Republic of)","2091","Lower 80 PI","70621.232"
"Iran (Islamic Republic of)","2091","Upper 95 PI","109034.312"
"Iran (Islamic Republic of)","2091","Lower 95 PI","63717.941"
"Iran (Islamic Republic of)","2090","Medium","84477.212"
"Iran (Islamic Republic of)","2090","High","114866.736"
"Iran (Islamic Republic of)","2090","Low","60726.113"
"Iran (Islamic Republic of)","2090","Constant fertility","84477.481"
"Iran (Islamic Republic of)","2090","Instant replacement","110973.742"
"Iran (Islamic Republic of)","2090","Zero migration","88289.258"
"Iran (Islamic Republic of)","2090","Constant mortality","70235.136"
"Iran (Islamic Republic of)","2090","No change","70211.908"
"Iran (Islamic Republic of)","2090","Momentum","99471.805"
"Iran (Islamic Republic of)","2090","Instant replacement zero migration","115310.26"
"Iran (Islamic Republic of)","2090","Median PI","84477.212"
"Iran (Islamic Republic of)","2090","Upper 80 PI","99084.56"
"Iran (Islamic Republic of)","2090","Lower 80 PI","71187.007"
"Iran (Islamic Republic of)","2090","Upper 95 PI","108947.225"
"Iran (Islamic Republic of)","2090","Lower 95 PI","64463.531"
"Iran (Islamic Republic of)","2089","Medium","84930.902"
"Iran (Islamic Republic of)","2089","High","114610.081"
"Iran (Islamic Republic of)","2089","Low","61581.633"
"Iran (Islamic Republic of)","2089","Constant fertility","84922.986"
"Iran (Islamic Republic of)","2089","Instant replacement","110860.817"
"Iran (Islamic Republic of)","2089","Zero migration","88687.152"
"Iran (Islamic Republic of)","2089","Constant mortality","70824.295"
"Iran (Islamic Republic of)","2089","No change","70794.664"
"Iran (Islamic Republic of)","2089","Momentum","99506.351"
"Iran (Islamic Republic of)","2089","Instant replacement zero migration","115124.325"
"Iran (Islamic Republic of)","2089","Median PI","84930.902"
"Iran (Islamic Republic of)","2089","Upper 80 PI","99206.684"
"Iran (Islamic Republic of)","2089","Lower 80 PI","71813.998"
"Iran (Islamic Republic of)","2089","Upper 95 PI","108720.463"
"Iran (Islamic Republic of)","2089","Lower 95 PI","65237.638"
"Iran (Islamic Republic of)","2088","Medium","85388.156"
"Iran (Islamic Republic of)","2088","High","114367.254"
"Iran (Islamic Republic of)","2088","Low","62442.793"
"Iran (Islamic Republic of)","2088","Constant fertility","85376.543"
"Iran (Islamic Republic of)","2088","Instant replacement","110755.088"
"Iran (Islamic Republic of)","2088","Zero migration","89088.248"
"Iran (Islamic Republic of)","2088","Constant mortality","71402.719"
"Iran (Islamic Republic of)","2088","No change","71370.936"
"Iran (Islamic Republic of)","2088","Momentum","99529.363"
"Iran (Islamic Republic of)","2088","Instant replacement zero migration","114945.664"
"Iran (Islamic Republic of)","2088","Median PI","85388.156"
"Iran (Islamic Republic of)","2088","Upper 80 PI","99374.356"
"Iran (Islamic Republic of)","2088","Lower 80 PI","72466.502"
"Iran (Islamic Republic of)","2088","Upper 95 PI","108672.076"
"Iran (Islamic Republic of)","2088","Lower 95 PI","65996.933"
"Iran (Islamic Republic of)","2087","Medium","85851.326"
"Iran (Islamic Republic of)","2087","High","114142.167"
"Iran (Islamic Republic of)","2087","Low","63311.404"
"Iran (Islamic Republic of)","2087","Constant fertility","85839.056"
"Iran (Islamic Republic of)","2087","Instant replacement","110657.589"
"Iran (Islamic Republic of)","2087","Zero migration","89494.997"
"Iran (Islamic Republic of)","2087","Constant mortality","71972.237"
"Iran (Islamic Republic of)","2087","No change","71941.162"
"Iran (Islamic Republic of)","2087","Momentum","99541.678"
"Iran (Islamic Republic of)","2087","Instant replacement zero migration","114775.291"
"Iran (Islamic Republic of)","2087","Median PI","85851.326"
"Iran (Islamic Republic of)","2087","Upper 80 PI","99526.928"
"Iran (Islamic Republic of)","2087","Lower 80 PI","73104.708"
"Iran (Islamic Republic of)","2087","Upper 95 PI","108843.982"
"Iran (Islamic Republic of)","2087","Lower 95 PI","66674.428"
"Iran (Islamic Republic of)","2086","Medium","86319.3"
"Iran (Islamic Republic of)","2086","High","113932.69"
"Iran (Islamic Republic of)","2086","Low","64187.621"
"Iran (Islamic Republic of)","2086","Constant fertility","86312.139"
"Iran (Islamic Republic of)","2086","Instant replacement","110570.218"
"Iran (Islamic Republic of)","2086","Zero migration","89906.14"
"Iran (Islamic Republic of)","2086","Constant mortality","72531.027"
"Iran (Islamic Republic of)","2086","No change","72506.165"
"Iran (Islamic Republic of)","2086","Momentum","99544.702"
"Iran (Islamic Republic of)","2086","Instant replacement zero migration","114615.087"
"Iran (Islamic Republic of)","2086","Median PI","86319.3"
"Iran (Islamic Republic of)","2086","Upper 80 PI","99649.698"
"Iran (Islamic Republic of)","2086","Lower 80 PI","73792.609"
"Iran (Islamic Republic of)","2086","Upper 95 PI","109041.03"
"Iran (Islamic Republic of)","2086","Lower 95 PI","67298.394"
"Iran (Islamic Republic of)","2085","Medium","86792.827"
"Iran (Islamic Republic of)","2085","High","113740.102"
"Iran (Islamic Republic of)","2085","Low","65072.075"
"Iran (Islamic Republic of)","2085","Constant fertility","86795.895"
"Iran (Islamic Republic of)","2085","Instant replacement","110493.615"
"Iran (Islamic Republic of)","2085","Zero migration","90322.424"
"Iran (Islamic Republic of)","2085","Constant mortality","73080.909"
"Iran (Islamic Republic of)","2085","No change","73067.157"
"Iran (Islamic Republic of)","2085","Momentum","99540.457"
"Iran (Islamic Republic of)","2085","Instant replacement zero migration","114465.645"
"Iran (Islamic Republic of)","2085","Median PI","86792.828"
"Iran (Islamic Republic of)","2085","Upper 80 PI","99817.507"
"Iran (Islamic Republic of)","2085","Lower 80 PI","74483.814"
"Iran (Islamic Republic of)","2085","Upper 95 PI","109220.576"
"Iran (Islamic Republic of)","2085","Lower 95 PI","67990.845"
"Iran (Islamic Republic of)","2084","Medium","87274.584"
"Iran (Islamic Republic of)","2084","High","113568.216"
"Iran (Islamic Republic of)","2084","Low","65966.594"
"Iran (Islamic Republic of)","2084","Constant fertility","87290.416"
"Iran (Islamic Republic of)","2084","Instant replacement","110428.553"
"Iran (Islamic Republic of)","2084","Zero migration","90746.648"
"Iran (Islamic Republic of)","2084","Constant mortality","73625.96"
"Iran (Islamic Republic of)","2084","No change","73625.709"
"Iran (Islamic Republic of)","2084","Momentum","99531.375"
"Iran (Islamic Republic of)","2084","Instant replacement zero migration","114327.721"
"Iran (Islamic Republic of)","2084","Median PI","87274.584"
"Iran (Islamic Republic of)","2084","Upper 80 PI","100008.816"
"Iran (Islamic Republic of)","2084","Lower 80 PI","75153.693"
"Iran (Islamic Republic of)","2084","Upper 95 PI","109215.603"
"Iran (Islamic Republic of)","2084","Lower 95 PI","68714.383"
"Iran (Islamic Republic of)","2083","Medium","87763.916"
"Iran (Islamic Republic of)","2083","High","113415.503"
"Iran (Islamic Republic of)","2083","Low","66871.122"
"Iran (Islamic Republic of)","2083","Constant fertility","87796.154"
"Iran (Islamic Republic of)","2083","Instant replacement","110376.223"
"Iran (Islamic Republic of)","2083","Zero migration","91178.079"
"Iran (Islamic Republic of)","2083","Constant mortality","74166.975"
"Iran (Islamic Republic of)","2083","No change","74183.687"
"Iran (Islamic Republic of)","2083","Momentum","99520.179"
"Iran (Islamic Republic of)","2083","Instant replacement zero migration","114202.482"
"Iran (Islamic Republic of)","2083","Median PI","87763.916"
"Iran (Islamic Republic of)","2083","Upper 80 PI","100223.465"
"Iran (Islamic Republic of)","2083","Lower 80 PI","75877.098"
"Iran (Islamic Republic of)","2083","Upper 95 PI","109143.754"
"Iran (Islamic Republic of)","2083","Lower 95 PI","69470.8"
"Iran (Islamic Republic of)","2082","Medium","88257.704"
"Iran (Islamic Republic of)","2082","High","113277.486"
"Iran (Islamic Republic of)","2082","Low","67783.238"
"Iran (Islamic Republic of)","2082","Constant fertility","88311.473"
"Iran (Islamic Republic of)","2082","Instant replacement","110335.902"
"Iran (Islamic Republic of)","2082","Zero migration","91613.477"
"Iran (Islamic Republic of)","2082","Constant mortality","74704.625"
"Iran (Islamic Republic of)","2082","No change","74743.217"
"Iran (Islamic Republic of)","2082","Momentum","99509.998"
"Iran (Islamic Republic of)","2082","Instant replacement zero migration","114089.173"
"Iran (Islamic Republic of)","2082","Median PI","88257.704"
"Iran (Islamic Republic of)","2082","Upper 80 PI","100519.122"
"Iran (Islamic Republic of)","2082","Lower 80 PI","76662.96"
"Iran (Islamic Republic of)","2082","Upper 95 PI","109127.075"
"Iran (Islamic Republic of)","2082","Lower 95 PI","70219.426"
"Iran (Islamic Republic of)","2081","Medium","88756.462"
"Iran (Islamic Republic of)","2081","High","113154.773"
"Iran (Islamic Republic of)","2081","Low","68702.579"
"Iran (Islamic Republic of)","2081","Constant fertility","88834.269"
"Iran (Islamic Republic of)","2081","Instant replacement","110306.601"
"Iran (Islamic Republic of)","2081","Zero migration","92053.424"
"Iran (Islamic Republic of)","2081","Constant mortality","75243.757"
"Iran (Islamic Republic of)","2081","No change","75306.603"
"Iran (Islamic Republic of)","2081","Momentum","99504.352"
"Iran (Islamic Republic of)","2081","Instant replacement zero migration","113986.78"
"Iran (Islamic Republic of)","2081","Median PI","88756.462"
"Iran (Islamic Republic of)","2081","Upper 80 PI","100832.764"
"Iran (Islamic Republic of)","2081","Lower 80 PI","77410.917"
"Iran (Islamic Republic of)","2081","Upper 95 PI","109036.345"
"Iran (Islamic Republic of)","2081","Lower 95 PI","70974.406"
"Iran (Islamic Republic of)","2080","Medium","89260.962"
"Iran (Islamic Republic of)","2080","High","113047.4"
"Iran (Islamic Republic of)","2080","Low","69629.443"
"Iran (Islamic Republic of)","2080","Constant fertility","89363.876"
"Iran (Islamic Republic of)","2080","Instant replacement","110288.773"
"Iran (Islamic Republic of)","2080","Zero migration","92498.747"
"Iran (Islamic Republic of)","2080","Constant mortality","75788.153"
"Iran (Islamic Republic of)","2080","No change","75876.234"
"Iran (Islamic Republic of)","2080","Momentum","99506.834"
"Iran (Islamic Republic of)","2080","Instant replacement zero migration","113895.753"
"Iran (Islamic Republic of)","2080","Median PI","89260.962"
"Iran (Islamic Republic of)","2080","Upper 80 PI","101204.502"
"Iran (Islamic Republic of)","2080","Lower 80 PI","78146.959"
"Iran (Islamic Republic of)","2080","Upper 95 PI","108928.38"
"Iran (Islamic Republic of)","2080","Lower 95 PI","71850.098"
"Iran (Islamic Republic of)","2079","Medium","89769.004"
"Iran (Islamic Republic of)","2079","High","112951.534"
"Iran (Islamic Republic of)","2079","Low","70561.692"
"Iran (Islamic Republic of)","2079","Constant fertility","89898.274"
"Iran (Islamic Republic of)","2079","Instant replacement","110281.609"
"Iran (Islamic Republic of)","2079","Zero migration","92947.192"
"Iran (Islamic Republic of)","2079","Constant mortality","76339.913"
"Iran (Islamic Republic of)","2079","No change","76454.385"
"Iran (Islamic Republic of)","2079","Momentum","99521.038"
"Iran (Islamic Republic of)","2079","Instant replacement zero migration","113815.284"
"Iran (Islamic Republic of)","2079","Median PI","89769.004"
"Iran (Islamic Republic of)","2079","Upper 80 PI","101479.314"
"Iran (Islamic Republic of)","2079","Lower 80 PI","78854.528"
"Iran (Islamic Republic of)","2079","Upper 95 PI","108803.386"
"Iran (Islamic Republic of)","2079","Lower 95 PI","72808.886"
"Iran (Islamic Republic of)","2078","Medium","90279.071"
"Iran (Islamic Republic of)","2078","High","112864.344"
"Iran (Islamic Republic of)","2078","Low","71497.364"
"Iran (Islamic Republic of)","2078","Constant fertility","90434.871"
"Iran (Islamic Republic of)","2078","Instant replacement","110283.707"
"Iran (Islamic Republic of)","2078","Zero migration","93397.238"
"Iran (Islamic Republic of)","2078","Constant mortality","76902.054"
"Iran (Islamic Republic of)","2078","No change","77043.036"
"Iran (Islamic Republic of)","2078","Momentum","99550.259"
"Iran (Islamic Republic of)","2078","Instant replacement zero migration","113743.959"
"Iran (Islamic Republic of)","2078","Median PI","90279.071"
"Iran (Islamic Republic of)","2078","Upper 80 PI","101614.749"
"Iran (Islamic Republic of)","2078","Lower 80 PI","79515.379"
"Iran (Islamic Republic of)","2078","Upper 95 PI","108759.316"
"Iran (Islamic Republic of)","2078","Lower 95 PI","73650.667"
"Iran (Islamic Republic of)","2077","Medium","90790.917"
"Iran (Islamic Republic of)","2077","High","112784.391"
"Iran (Islamic Republic of)","2077","Low","72435.512"
"Iran (Islamic Republic of)","2077","Constant fertility","90971.754"
"Iran (Islamic Republic of)","2077","Instant replacement","110294.226"
"Iran (Islamic Republic of)","2077","Zero migration","93848.695"
"Iran (Islamic Republic of)","2077","Constant mortality","77477.794"
"Iran (Islamic Republic of)","2077","No change","77643.777"
"Iran (Islamic Republic of)","2077","Momentum","99597.268"
"Iran (Islamic Republic of)","2077","Instant replacement zero migration","113680.942"
"Iran (Islamic Republic of)","2077","Median PI","90790.917"
"Iran (Islamic Republic of)","2077","Upper 80 PI","101807.539"
"Iran (Islamic Republic of)","2077","Lower 80 PI","80264.796"
"Iran (Islamic Republic of)","2077","Upper 95 PI","108759.42"
"Iran (Islamic Republic of)","2077","Lower 95 PI","74467.002"
"Iran (Islamic Republic of)","2076","Medium","91303.174"
"Iran (Islamic Republic of)","2076","High","112709.088"
"Iran (Islamic Republic of)","2076","Low","73374.039"
"Iran (Islamic Republic of)","2076","Constant fertility","91505.934"
"Iran (Islamic Republic of)","2076","Instant replacement","110311.307"
"Iran (Islamic Republic of)","2076","Zero migration","94300.231"
"Iran (Islamic Republic of)","2076","Constant mortality","78069.78"
"Iran (Islamic Republic of)","2076","No change","78257.69"
"Iran (Islamic Republic of)","2076","Momentum","99664.423"
"Iran (Islamic Republic of)","2076","Instant replacement zero migration","113624.401"
"Iran (Islamic Republic of)","2076","Median PI","91303.174"
"Iran (Islamic Republic of)","2076","Upper 80 PI","102058.168"
"Iran (Islamic Republic of)","2076","Lower 80 PI","81089.084"
"Iran (Islamic Republic of)","2076","Upper 95 PI","108734.626"
"Iran (Islamic Republic of)","2076","Lower 95 PI","75307.231"
"Iran (Islamic Republic of)","2075","Medium","91814.864"
"Iran (Islamic Republic of)","2075","High","112636.299"
"Iran (Islamic Republic of)","2075","Low","74311.291"
"Iran (Islamic Republic of)","2075","Constant fertility","92035.053"
"Iran (Islamic Republic of)","2075","Instant replacement","110333.536"
"Iran (Islamic Republic of)","2075","Zero migration","94750.928"
"Iran (Islamic Republic of)","2075","Constant mortality","78679.918"
"Iran (Islamic Republic of)","2075","No change","78885.331"
"Iran (Islamic Republic of)","2075","Momentum","99753.356"
"Iran (Islamic Republic of)","2075","Instant replacement zero migration","113572.946"
"Iran (Islamic Republic of)","2075","Median PI","91814.864"
"Iran (Islamic Republic of)","2075","Upper 80 PI","102337.268"
"Iran (Islamic Republic of)","2075","Lower 80 PI","81898.707"
"Iran (Islamic Republic of)","2075","Upper 95 PI","108821.865"
"Iran (Islamic Republic of)","2075","Lower 95 PI","76137.788"
"Iran (Islamic Republic of)","2074","Medium","92324.334"
"Iran (Islamic Republic of)","2074","High","112563.227"
"Iran (Islamic Republic of)","2074","Low","75245.045"
"Iran (Islamic Republic of)","2074","Constant fertility","92556.601"
"Iran (Islamic Republic of)","2074","Instant replacement","110358.99"
"Iran (Islamic Republic of)","2074","Zero migration","95199.151"
"Iran (Islamic Republic of)","2074","Constant mortality","79309.034"
"Iran (Islamic Republic of)","2074","No change","79526.696"
"Iran (Islamic Republic of)","2074","Momentum","99864.775"
"Iran (Islamic Republic of)","2074","Instant replacement zero migration","113524.678"
"Iran (Islamic Republic of)","2074","Median PI","92324.334"
"Iran (Islamic Republic of)","2074","Upper 80 PI","102655.69"
"Iran (Islamic Republic of)","2074","Lower 80 PI","82704.899"
"Iran (Islamic Republic of)","2074","Upper 95 PI","108988.809"
"Iran (Islamic Republic of)","2074","Lower 95 PI","77076.129"
"Iran (Islamic Republic of)","2073","Medium","92828.492"
"Iran (Islamic Republic of)","2073","High","112485.311"
"Iran (Islamic Republic of)","2073","Low","76172.289"
"Iran (Islamic Republic of)","2073","Constant fertility","93068.811"
"Iran (Islamic Republic of)","2073","Instant replacement","110386.187"
"Iran (Islamic Republic of)","2073","Zero migration","95641.773"
"Iran (Islamic Republic of)","2073","Constant mortality","79955.325"
"Iran (Islamic Republic of)","2073","No change","80181.261"
"Iran (Islamic Republic of)","2073","Momentum","99998.554"
"Iran (Islamic Republic of)","2073","Instant replacement zero migration","113478.165"
"Iran (Islamic Republic of)","2073","Median PI","92828.492"
"Iran (Islamic Republic of)","2073","Upper 80 PI","102990.468"
"Iran (Islamic Republic of)","2073","Lower 80 PI","83405.651"
"Iran (Islamic Republic of)","2073","Upper 95 PI","109148.176"
"Iran (Islamic Republic of)","2073","Lower 95 PI","77967.623"
"Iran (Islamic Republic of)","2072","Medium","93325.847"
"Iran (Islamic Republic of)","2072","High","112400.469"
"Iran (Islamic Republic of)","2072","Low","77091.141"
"Iran (Islamic Republic of)","2072","Constant fertility","93570.145"
"Iran (Islamic Republic of)","2072","Instant replacement","110413.655"
"Iran (Islamic Republic of)","2072","Zero migration","96077.346"
"Iran (Islamic Republic of)","2072","Constant mortality","80617.817"
"Iran (Islamic Republic of)","2072","No change","80848.012"
"Iran (Islamic Republic of)","2072","Momentum","100153.845"
"Iran (Islamic Republic of)","2072","Instant replacement zero migration","113431.981"
"Iran (Islamic Republic of)","2072","Median PI","93325.847"
"Iran (Islamic Republic of)","2072","Upper 80 PI","103277.161"
"Iran (Islamic Republic of)","2072","Lower 80 PI","84074.88"
"Iran (Islamic Republic of)","2072","Upper 95 PI","109271.774"
"Iran (Islamic Republic of)","2072","Lower 95 PI","78775.046"
"Iran (Islamic Republic of)","2071","Medium","93816.003"
"Iran (Islamic Republic of)","2071","High","112308.709"
"Iran (Islamic Republic of)","2071","Low","78000.261"
"Iran (Islamic Republic of)","2071","Constant fertility","94058.498"
"Iran (Islamic Republic of)","2071","Instant replacement","110439.05"
"Iran (Islamic Republic of)","2071","Zero migration","96505.583"
"Iran (Islamic Republic of)","2071","Constant mortality","81296.628"
"Iran (Islamic Republic of)","2071","No change","81525.417"
"Iran (Islamic Republic of)","2071","Momentum","100329.016"
"Iran (Islamic Republic of)","2071","Instant replacement zero migration","113383.836"
"Iran (Islamic Republic of)","2071","Median PI","93816.003"
"Iran (Islamic Republic of)","2071","Upper 80 PI","103448.71"
"Iran (Islamic Republic of)","2071","Lower 80 PI","84758.459"
"Iran (Islamic Republic of)","2071","Upper 95 PI","109284.512"
"Iran (Islamic Republic of)","2071","Lower 95 PI","79588.563"
"Iran (Islamic Republic of)","2070","Medium","94297.926"
"Iran (Islamic Republic of)","2070","High","112209.569"
"Iran (Islamic Republic of)","2070","Low","78897.975"
"Iran (Islamic Republic of)","2070","Constant fertility","94532.072"
"Iran (Islamic Republic of)","2070","Instant replacement","110459.973"
"Iran (Islamic Republic of)","2070","Zero migration","96925.522"
"Iran (Islamic Republic of)","2070","Constant mortality","81990.529"
"Iran (Islamic Republic of)","2070","No change","82211.488"
"Iran (Islamic Republic of)","2070","Momentum","100521.598"
"Iran (Islamic Republic of)","2070","Instant replacement zero migration","113331.382"
"Iran (Islamic Republic of)","2070","Median PI","94297.926"
"Iran (Islamic Republic of)","2070","Upper 80 PI","103603.215"
"Iran (Islamic Republic of)","2070","Lower 80 PI","85421.886"
"Iran (Islamic Republic of)","2070","Upper 95 PI","109228.332"
"Iran (Islamic Republic of)","2070","Lower 95 PI","80429.868"
"Iran (Islamic Republic of)","2069","Medium","94770.145"
"Iran (Islamic Republic of)","2069","High","112102.451"
"Iran (Islamic Republic of)","2069","Low","79782.234"
"Iran (Islamic Republic of)","2069","Constant fertility","94988.921"
"Iran (Islamic Republic of)","2069","Instant replacement","110473.58"
"Iran (Islamic Republic of)","2069","Zero migration","97335.779"
"Iran (Islamic Republic of)","2069","Constant mortality","82697.624"
"Iran (Islamic Republic of)","2069","No change","82903.858"
"Iran (Islamic Republic of)","2069","Momentum","100728.447"
"Iran (Islamic Republic of)","2069","Instant replacement zero migration","113271.844"
"Iran (Islamic Republic of)","2069","Median PI","94770.146"
"Iran (Islamic Republic of)","2069","Upper 80 PI","103859.448"
"Iran (Islamic Republic of)","2069","Lower 80 PI","86103.479"
"Iran (Islamic Republic of)","2069","Upper 95 PI","109311.91"
"Iran (Islamic Republic of)","2069","Lower 95 PI","81326.786"
"Iran (Islamic Republic of)","2068","Medium","95229.808"
"Iran (Islamic Republic of)","2068","High","111984.954"
"Iran (Islamic Republic of)","2068","Low","80650.318"
"Iran (Islamic Republic of)","2068","Constant fertility","95428.063"
"Iran (Islamic Republic of)","2068","Instant replacement","110477.768"
"Iran (Islamic Republic of)","2068","Zero migration","97733.503"
"Iran (Islamic Republic of)","2068","Constant mortality","83413.427"
"Iran (Islamic Republic of)","2068","No change","83599.875"
"Iran (Islamic Republic of)","2068","Momentum","100945.933"
"Iran (Islamic Republic of)","2068","Instant replacement zero migration","113203.175"
"Iran (Islamic Republic of)","2068","Median PI","95229.808"
"Iran (Islamic Republic of)","2068","Upper 80 PI","104111.242"
"Iran (Islamic Republic of)","2068","Lower 80 PI","86750.848"
"Iran (Islamic Republic of)","2068","Upper 95 PI","109325.269"
"Iran (Islamic Republic of)","2068","Lower 95 PI","82263.947"
"Iran (Islamic Republic of)","2067","Medium","95675.25"
"Iran (Islamic Republic of)","2067","High","111856.345"
"Iran (Islamic Republic of)","2067","Low","81500.481"
"Iran (Islamic Republic of)","2067","Constant fertility","95849.039"
"Iran (Islamic Republic of)","2067","Instant replacement","110470.713"
"Iran (Islamic Republic of)","2067","Zero migration","98117.057"
"Iran (Islamic Republic of)","2067","Constant mortality","84133.886"
"Iran (Islamic Republic of)","2067","No change","84296.681"
"Iran (Islamic Republic of)","2067","Momentum","101169.97"
"Iran (Islamic Republic of)","2067","Instant replacement zero migration","113123.603"
"Iran (Islamic Republic of)","2067","Median PI","95675.25"
"Iran (Islamic Republic of)","2067","Upper 80 PI","104291.66"
"Iran (Islamic Republic of)","2067","Lower 80 PI","87384.575"
"Iran (Islamic Republic of)","2067","Upper 95 PI","109181.015"
"Iran (Islamic Republic of)","2067","Lower 95 PI","83111.381"
"Iran (Islamic Republic of)","2066","Medium","96104.921"
"Iran (Islamic Republic of)","2066","High","111716.448"
"Iran (Islamic Republic of)","2066","Low","82330.804"
"Iran (Islamic Republic of)","2066","Constant fertility","96250.618"
"Iran (Islamic Republic of)","2066","Instant replacement","110449.754"
"Iran (Islamic Republic of)","2066","Zero migration","98484.962"
"Iran (Islamic Republic of)","2066","Constant mortality","84855.663"
"Iran (Islamic Republic of)","2066","No change","84991.25"
"Iran (Islamic Republic of)","2066","Momentum","101396.252"
"Iran (Islamic Republic of)","2066","Instant replacement zero migration","113030.549"
"Iran (Islamic Republic of)","2066","Median PI","96104.921"
"Iran (Islamic Republic of)","2066","Upper 80 PI","104453.032"
"Iran (Islamic Republic of)","2066","Lower 80 PI","88028.54"
"Iran (Islamic Republic of)","2066","Upper 95 PI","109138.573"
"Iran (Islamic Republic of)","2066","Lower 95 PI","83860.411"
"Iran (Islamic Republic of)","2065","Medium","96516.348"
"Iran (Islamic Republic of)","2065","High","111563.834"
"Iran (Islamic Republic of)","2065","Low","83138.78"
"Iran (Islamic Republic of)","2065","Constant fertility","96631.811"
"Iran (Islamic Republic of)","2065","Instant replacement","110412.481"
"Iran (Islamic Republic of)","2065","Zero migration","98834.771"
"Iran (Islamic Republic of)","2065","Constant mortality","85574.201"
"Iran (Islamic Republic of)","2065","No change","85680.462"
"Iran (Islamic Republic of)","2065","Momentum","101620.391"
"Iran (Islamic Republic of)","2065","Instant replacement zero migration","112921.659"
"Iran (Islamic Republic of)","2065","Median PI","96516.348"
"Iran (Islamic Republic of)","2065","Upper 80 PI","104598.856"
"Iran (Islamic Republic of)","2065","Lower 80 PI","88663.228"
"Iran (Islamic Republic of)","2065","Upper 95 PI","109118.153"
"Iran (Islamic Republic of)","2065","Lower 95 PI","84584.259"
"Iran (Islamic Republic of)","2064","Medium","96905.875"
"Iran (Islamic Republic of)","2064","High","111395.596"
"Iran (Islamic Republic of)","2064","Low","83920.98"
"Iran (Islamic Republic of)","2064","Constant fertility","96991.348"
"Iran (Islamic Republic of)","2064","Instant replacement","110356.251"
"Iran (Islamic Republic of)","2064","Zero migration","99162.833"
"Iran (Islamic Republic of)","2064","Constant mortality","86283.967"
"Iran (Islamic Republic of)","2064","No change","86361.13"
"Iran (Islamic Republic of)","2064","Momentum","101837.967"
"Iran (Islamic Republic of)","2064","Instant replacement zero migration","112794.345"
"Iran (Islamic Republic of)","2064","Median PI","96905.875"
"Iran (Islamic Republic of)","2064","Upper 80 PI","104752.219"
"Iran (Islamic Republic of)","2064","Lower 80 PI","89271.04"
"Iran (Islamic Republic of)","2064","Upper 95 PI","109061.685"
"Iran (Islamic Republic of)","2064","Lower 95 PI","85288.483"
"Iran (Islamic Republic of)","2063","Medium","97270.729"
"Iran (Islamic Republic of)","2063","High","111210.045"
"Iran (Islamic Republic of)","2063","Low","84674.493"
"Iran (Islamic Republic of)","2063","Constant fertility","97327.664"
"Iran (Islamic Republic of)","2063","Instant replacement","110278.431"
"Iran (Islamic Republic of)","2063","Zero migration","99466.403"
"Iran (Islamic Republic of)","2063","Constant mortality","86980.569"
"Iran (Islamic Republic of)","2063","No change","87030.068"
"Iran (Islamic Republic of)","2063","Momentum","102044.846"
"Iran (Islamic Republic of)","2063","Instant replacement zero migration","112646.031"
"Iran (Islamic Republic of)","2063","Median PI","97270.729"
"Iran (Islamic Republic of)","2063","Upper 80 PI","104888.224"
"Iran (Islamic Republic of)","2063","Lower 80 PI","89878.556"
"Iran (Islamic Republic of)","2063","Upper 95 PI","109003.94"
"Iran (Islamic Republic of)","2063","Lower 95 PI","86018.814"
"Iran (Islamic Republic of)","2062","Medium","97611.375"
"Iran (Islamic Republic of)","2062","High","111009.481"
"Iran (Islamic Republic of)","2062","Low","85399.008"
"Iran (Islamic Republic of)","2062","Constant fertility","97640.03"
"Iran (Islamic Republic of)","2062","Instant replacement","110177.418"
"Iran (Islamic Republic of)","2062","Zero migration","99746.07"
"Iran (Islamic Republic of)","2062","Constant mortality","87662.041"
"Iran (Islamic Republic of)","2062","No change","87684.141"
"Iran (Islamic Republic of)","2062","Momentum","102237.109"
"Iran (Islamic Republic of)","2062","Instant replacement zero migration","112475.163"
"Iran (Islamic Republic of)","2062","Median PI","97611.375"
"Iran (Islamic Republic of)","2062","Upper 80 PI","104936.827"
"Iran (Islamic Republic of)","2062","Lower 80 PI","90428.995"
"Iran (Islamic Republic of)","2062","Upper 95 PI","108950.241"
"Iran (Islamic Republic of)","2062","Lower 95 PI","86667.859"
"Iran (Islamic Republic of)","2061","Medium","97925.201"
"Iran (Islamic Republic of)","2061","High","110792.211"
"Iran (Islamic Republic of)","2061","Low","86092.06"
"Iran (Islamic Republic of)","2061","Constant fertility","97928.033"
"Iran (Islamic Republic of)","2061","Instant replacement","110052.173"
"Iran (Islamic Republic of)","2061","Zero migration","99999.224"
"Iran (Islamic Republic of)","2061","Constant mortality","88323.087"
"Iran (Islamic Republic of)","2061","No change","88320.201"
"Iran (Islamic Republic of)","2061","Momentum","102411.08"
"Iran (Islamic Republic of)","2061","Instant replacement zero migration","112280.746"
"Iran (Islamic Republic of)","2061","Median PI","97925.201"
"Iran (Islamic Republic of)","2061","Upper 80 PI","104943.08"
"Iran (Islamic Republic of)","2061","Lower 80 PI","90918.078"
"Iran (Islamic Republic of)","2061","Upper 95 PI","108882.647"
"Iran (Islamic Republic of)","2061","Lower 95 PI","87273.738"
"Iran (Islamic Republic of)","2060","Medium","98210.621"
"Iran (Islamic Republic of)","2060","High","110558.08"
"Iran (Islamic Republic of)","2060","Low","86751.891"
"Iran (Islamic Republic of)","2060","Constant fertility","98190.352"
"Iran (Islamic Republic of)","2060","Instant replacement","109901.125"
"Iran (Islamic Republic of)","2060","Zero migration","100224.326"
"Iran (Islamic Republic of)","2060","Constant mortality","88960.249"
"Iran (Islamic Republic of)","2060","No change","88935.057"
"Iran (Islamic Republic of)","2060","Momentum","102563.407"
"Iran (Islamic Republic of)","2060","Instant replacement zero migration","112061.24"
"Iran (Islamic Republic of)","2060","Median PI","98210.62"
"Iran (Islamic Republic of)","2060","Upper 80 PI","104965.973"
"Iran (Islamic Republic of)","2060","Lower 80 PI","91428.589"
"Iran (Islamic Republic of)","2060","Upper 95 PI","108785.204"
"Iran (Islamic Republic of)","2060","Lower 95 PI","87914.131"
"Iran (Islamic Republic of)","2059","Medium","98465.614"
"Iran (Islamic Republic of)","2059","High","110306.587"
"Iran (Islamic Republic of)","2059","Low","87376.428"
"Iran (Islamic Republic of)","2059","Constant fertility","98425.372"
"Iran (Islamic Republic of)","2059","Instant replacement","109722.621"
"Iran (Islamic Republic of)","2059","Zero migration","100419.409"
"Iran (Islamic Republic of)","2059","Constant mortality","89569.928"
"Iran (Islamic Republic of)","2059","No change","89525.515"
"Iran (Islamic Republic of)","2059","Momentum","102690.89"
"Iran (Islamic Republic of)","2059","Instant replacement zero migration","111815.005"
"Iran (Islamic Republic of)","2059","Median PI","98465.614"
"Iran (Islamic Republic of)","2059","Upper 80 PI","105002.794"
"Iran (Islamic Republic of)","2059","Lower 80 PI","91905.335"
"Iran (Islamic Republic of)","2059","Upper 95 PI","108663.156"
"Iran (Islamic Republic of)","2059","Lower 95 PI","88625.164"
"Iran (Islamic Republic of)","2058","Medium","98686.361"
"Iran (Islamic Republic of)","2058","High","110034.894"
"Iran (Islamic Republic of)","2058","Low","87962.351"
"Iran (Islamic Republic of)","2058","Constant fertility","98631.526"
"Iran (Islamic Republic of)","2058","Instant replacement","109515.319"
"Iran (Islamic Republic of)","2058","Zero migration","100580.623"
"Iran (Islamic Republic of)","2058","Constant mortality","90146.739"
"Iran (Islamic Republic of)","2058","No change","90088.397"
"Iran (Islamic Republic of)","2058","Momentum","102790.64"
"Iran (Islamic Republic of)","2058","Instant replacement zero migration","111540.724"
"Iran (Islamic Republic of)","2058","Median PI","98686.361"
"Iran (Islamic Republic of)","2058","Upper 80 PI","104994.332"
"Iran (Islamic Republic of)","2058","Lower 80 PI","92340.27"
"Iran (Islamic Republic of)","2058","Upper 95 PI","108514.977"
"Iran (Islamic Republic of)","2058","Lower 95 PI","89296.855"
"Iran (Islamic Republic of)","2057","Medium","98870.205"
"Iran (Islamic Republic of)","2057","High","109741.564"
"Iran (Islamic Republic of)","2057","Low","88507.219"
"Iran (Islamic Republic of)","2057","Constant fertility","98807.302"
"Iran (Islamic Republic of)","2057","Instant replacement","109278.416"
"Iran (Islamic Republic of)","2057","Zero migration","100705.307"
"Iran (Islamic Republic of)","2057","Constant mortality","90686.443"
"Iran (Islamic Republic of)","2057","No change","90620.612"
"Iran (Islamic Republic of)","2057","Momentum","102860.303"
"Iran (Islamic Republic of)","2057","Instant replacement zero migration","111237.603"
"Iran (Islamic Republic of)","2057","Median PI","98870.205"
"Iran (Islamic Republic of)","2057","Upper 80 PI","104895.409"
"Iran (Islamic Republic of)","2057","Lower 80 PI","92760.673"
"Iran (Islamic Republic of)","2057","Upper 95 PI","108298.251"
"Iran (Islamic Republic of)","2057","Lower 95 PI","89811.803"
"Iran (Islamic Republic of)","2056","Medium","99014.787"
"Iran (Islamic Republic of)","2056","High","109425.219"
"Iran (Islamic Republic of)","2056","Low","89008.957"
"Iran (Islamic Republic of)","2056","Constant fertility","98951.075"
"Iran (Islamic Republic of)","2056","Instant replacement","109011.231"
"Iran (Islamic Republic of)","2056","Zero migration","100791.088"
"Iran (Islamic Republic of)","2056","Constant mortality","91185.395"
"Iran (Islamic Republic of)","2056","No change","91119.228"
"Iran (Islamic Republic of)","2056","Momentum","102897.893"
"Iran (Islamic Republic of)","2056","Instant replacement zero migration","110904.927"
"Iran (Islamic Republic of)","2056","Median PI","99014.787"
"Iran (Islamic Republic of)","2056","Upper 80 PI","104760.088"
"Iran (Islamic Republic of)","2056","Lower 80 PI","93136.542"
"Iran (Islamic Republic of)","2056","Upper 95 PI","108034.519"
"Iran (Islamic Republic of)","2056","Lower 95 PI","90312.875"
"Iran (Islamic Republic of)","2055","Medium","99119.582"
"Iran (Islamic Republic of)","2055","High","109086.305"
"Iran (Islamic Republic of)","2055","Low","89467.136"
"Iran (Islamic Republic of)","2055","Constant fertility","99061.273"
"Iran (Islamic Republic of)","2055","Instant replacement","108713.289"
"Iran (Islamic Republic of)","2055","Zero migration","100837.497"
"Iran (Islamic Republic of)","2055","Constant mortality","91641.916"
"Iran (Islamic Republic of)","2055","No change","91581.534"
"Iran (Islamic Republic of)","2055","Momentum","102901.799"
"Iran (Islamic Republic of)","2055","Instant replacement zero migration","110542.211"
"Iran (Islamic Republic of)","2055","Median PI","99119.582"
"Iran (Islamic Republic of)","2055","Upper 80 PI","104647.37"
"Iran (Islamic Republic of)","2055","Lower 80 PI","93481.679"
"Iran (Islamic Republic of)","2055","Upper 95 PI","107767.943"
"Iran (Islamic Republic of)","2055","Lower 95 PI","90779.214"
"Iran (Islamic Republic of)","2054","Medium","99182.264"
"Iran (Islamic Republic of)","2054","High","108722.807"
"Iran (Islamic Republic of)","2054","Low","89879.977"
"Iran (Islamic Republic of)","2054","Constant fertility","99136.702"
"Iran (Islamic Republic of)","2054","Instant replacement","108384.518"
"Iran (Islamic Republic of)","2054","Zero migration","100842.167"
"Iran (Islamic Republic of)","2054","Constant mortality","92052.506"
"Iran (Islamic Republic of)","2054","No change","92005.152"
"Iran (Islamic Republic of)","2054","Momentum","102870.766"
"Iran (Islamic Republic of)","2054","Instant replacement zero migration","110149.351"
"Iran (Islamic Republic of)","2054","Median PI","99182.264"
"Iran (Islamic Republic of)","2054","Upper 80 PI","104547.139"
"Iran (Islamic Republic of)","2054","Lower 80 PI","93769.739"
"Iran (Islamic Republic of)","2054","Upper 95 PI","107474.526"
"Iran (Islamic Republic of)","2054","Lower 95 PI","91200.909"
"Iran (Islamic Republic of)","2053","Medium","99201.18"
"Iran (Islamic Republic of)","2053","High","108333.129"
"Iran (Islamic Republic of)","2053","Low","90246.341"
"Iran (Islamic Republic of)","2053","Constant fertility","99176.533"
"Iran (Islamic Republic of)","2053","Instant replacement","108025.186"
"Iran (Islamic Republic of)","2053","Zero migration","100803.405"
"Iran (Islamic Republic of)","2053","Constant mortality","92414.444"
"Iran (Islamic Republic of)","2053","No change","92388.177"
"Iran (Islamic Republic of)","2053","Momentum","102803.974"
"Iran (Islamic Republic of)","2053","Instant replacement zero migration","109726.574"
"Iran (Islamic Republic of)","2053","Median PI","99201.18"
"Iran (Islamic Republic of)","2053","Upper 80 PI","104400.056"
"Iran (Islamic Republic of)","2053","Lower 80 PI","93999.453"
"Iran (Islamic Republic of)","2053","Upper 95 PI","107166.356"
"Iran (Islamic Republic of)","2053","Lower 95 PI","91554.567"
"Iran (Islamic Republic of)","2052","Medium","99177.563"
"Iran (Islamic Republic of)","2052","High","107918.273"
"Iran (Islamic Republic of)","2052","Low","90567.722"
"Iran (Islamic Republic of)","2052","Constant fertility","99180.303"
"Iran (Islamic Republic of)","2052","Instant replacement","107635.928"
"Iran (Islamic Republic of)","2052","Zero migration","100722.469"
"Iran (Islamic Republic of)","2052","Constant mortality","92728.03"
"Iran (Islamic Republic of)","2052","No change","92729.237"
"Iran (Islamic Republic of)","2052","Momentum","102701.115"
"Iran (Islamic Republic of)","2052","Instant replacement zero migration","109274.475"
"Iran (Islamic Republic of)","2052","Median PI","99177.563"
"Iran (Islamic Republic of)","2052","Upper 80 PI","104154.661"
"Iran (Islamic Republic of)","2052","Lower 80 PI","94196.676"
"Iran (Islamic Republic of)","2052","Upper 95 PI","106841.391"
"Iran (Islamic Republic of)","2052","Lower 95 PI","91827.245"
"Iran (Islamic Republic of)","2051","Medium","99112.4"
"Iran (Islamic Republic of)","2051","High","107478.199"
"Iran (Islamic Republic of)","2051","Low","90845.485"
"Iran (Islamic Republic of)","2051","Constant fertility","99147.952"
"Iran (Islamic Republic of)","2051","Instant replacement","107217.666"
"Iran (Islamic Republic of)","2051","Zero migration","100600.31"
"Iran (Islamic Republic of)","2051","Constant mortality","92993.488"
"Iran (Islamic Republic of)","2051","No change","93027.523"
"Iran (Islamic Republic of)","2051","Momentum","102562.356"
"Iran (Islamic Republic of)","2051","Instant replacement zero migration","108793.904"
"Iran (Islamic Republic of)","2051","Median PI","99112.4"
"Iran (Islamic Republic of)","2051","Upper 80 PI","103859.054"
"Iran (Islamic Republic of)","2051","Lower 80 PI","94336.045"
"Iran (Islamic Republic of)","2051","Upper 95 PI","106460.444"
"Iran (Islamic Republic of)","2051","Lower 95 PI","92060.663"
"Iran (Islamic Republic of)","2050","Medium","99007.204"
"Iran (Islamic Republic of)","2050","High","107012.963"
"Iran (Islamic Republic of)","2050","Low","91081.575"
"Iran (Islamic Republic of)","2050","Constant fertility","99079.884"
"Iran (Islamic Republic of)","2050","Instant replacement","106771.541"
"Iran (Islamic Republic of)","2050","Zero migration","100438.413"
"Iran (Islamic Republic of)","2050","Constant mortality","93211.721"
"Iran (Islamic Republic of)","2050","No change","93282.837"
"Iran (Islamic Republic of)","2050","Momentum","102388.198"
"Iran (Islamic Republic of)","2050","Instant replacement zero migration","108285.951"
"Iran (Islamic Republic of)","2050","Median PI","99007.204"
"Iran (Islamic Republic of)","2050","Upper 80 PI","103599.837"
"Iran (Islamic Republic of)","2050","Lower 80 PI","94444.419"
"Iran (Islamic Republic of)","2050","Upper 95 PI","106007.687"
"Iran (Islamic Republic of)","2050","Lower 95 PI","92254.488"
"Iran (Islamic Republic of)","2049","Medium","98865.529"
"Iran (Islamic Republic of)","2049","High","106524.918"
"Iran (Islamic Republic of)","2049","Low","91279.811"
"Iran (Islamic Republic of)","2049","Constant fertility","98976.63"
"Iran (Islamic Republic of)","2049","Instant replacement","106298.572"
"Iran (Islamic Republic of)","2049","Zero migration","100240.334"
"Iran (Islamic Republic of)","2049","Constant mortality","93386.167"
"Iran (Islamic Republic of)","2049","No change","93495.638"
"Iran (Islamic Republic of)","2049","Momentum","102179.569"
"Iran (Islamic Republic of)","2049","Instant replacement zero migration","107751.579"
"Iran (Islamic Republic of)","2049","Median PI","98865.528"
"Iran (Islamic Republic of)","2049","Upper 80 PI","103271.514"
"Iran (Islamic Republic of)","2049","Lower 80 PI","94500.895"
"Iran (Islamic Republic of)","2049","Upper 95 PI","105528.071"
"Iran (Islamic Republic of)","2049","Lower 95 PI","92379.615"
"Iran (Islamic Republic of)","2048","Medium","98688.811"
"Iran (Islamic Republic of)","2048","High","106014.452"
"Iran (Islamic Republic of)","2048","Low","91441.868"
"Iran (Islamic Republic of)","2048","Constant fertility","98839.648"
"Iran (Islamic Republic of)","2048","Instant replacement","105800.739"
"Iran (Islamic Republic of)","2048","Zero migration","100007.458"
"Iran (Islamic Republic of)","2048","Constant mortality","93517.972"
"Iran (Islamic Republic of)","2048","No change","93667.089"
"Iran (Islamic Republic of)","2048","Momentum","101938.158"
"Iran (Islamic Republic of)","2048","Instant replacement zero migration","107192.714"
"Iran (Islamic Republic of)","2048","Median PI","98688.812"
"Iran (Islamic Republic of)","2048","Upper 80 PI","102855.023"
"Iran (Islamic Republic of)","2048","Lower 80 PI","94550.134"
"Iran (Islamic Republic of)","2048","Upper 95 PI","105063.607"
"Iran (Islamic Republic of)","2048","Lower 95 PI","92512.777"
"Iran (Islamic Republic of)","2047","Medium","98479.032"
"Iran (Islamic Republic of)","2047","High","105482.344"
"Iran (Islamic Republic of)","2047","Low","91569.733"
"Iran (Islamic Republic of)","2047","Constant fertility","98670.921"
"Iran (Islamic Republic of)","2047","Instant replacement","105280.827"
"Iran (Islamic Republic of)","2047","Zero migration","99741.702"
"Iran (Islamic Republic of)","2047","Constant mortality","93608.974"
"Iran (Islamic Republic of)","2047","No change","93799.015"
"Iran (Islamic Republic of)","2047","Momentum","101666.571"
"Iran (Islamic Republic of)","2047","Instant replacement zero migration","106612.097"
"Iran (Islamic Republic of)","2047","Median PI","98479.032"
"Iran (Islamic Republic of)","2047","Upper 80 PI","102428.132"
"Iran (Islamic Republic of)","2047","Lower 80 PI","94602.801"
"Iran (Islamic Republic of)","2047","Upper 95 PI","104558.659"
"Iran (Islamic Republic of)","2047","Lower 95 PI","92665.358"
"Iran (Islamic Republic of)","2046","Medium","98240.506"
"Iran (Islamic Republic of)","2046","High","104931.086"
"Iran (Islamic Republic of)","2046","Low","91667.371"
"Iran (Islamic Republic of)","2046","Constant fertility","98472.652"
"Iran (Islamic Republic of)","2046","Instant replacement","104742.075"
"Iran (Islamic Republic of)","2046","Zero migration","99447.363"
"Iran (Islamic Republic of)","2046","Constant mortality","93663.561"
"Iran (Islamic Republic of)","2046","No change","93893.717"
"Iran (Islamic Republic of)","2046","Momentum","101368.128"
"Iran (Islamic Republic of)","2046","Instant replacement zero migration","106012.936"
"Iran (Islamic Republic of)","2046","Median PI","98240.506"
"Iran (Islamic Republic of)","2046","Upper 80 PI","101957.318"
"Iran (Islamic Republic of)","2046","Lower 80 PI","94590.852"
"Iran (Islamic Republic of)","2046","Upper 95 PI","103960.366"
"Iran (Islamic Republic of)","2046","Lower 95 PI","92764.819"
"Iran (Islamic Republic of)","2045","Medium","97981"
"Iran (Islamic Republic of)","2045","High","104364.57"
"Iran (Islamic Republic of)","2045","Low","91741.982"
"Iran (Islamic Republic of)","2045","Constant fertility","98247.622"
"Iran (Islamic Republic of)","2045","Instant replacement","104189.11"
"Iran (Islamic Republic of)","2045","Zero migration","99132.26"
"Iran (Islamic Republic of)","2045","Constant mortality","93689.23"
"Iran (Islamic Republic of)","2045","No change","93953.755"
"Iran (Islamic Republic of)","2045","Momentum","101047.282"
"Iran (Islamic Republic of)","2045","Instant replacement zero migration","105399.886"
"Iran (Islamic Republic of)","2045","Median PI","97981"
"Iran (Islamic Republic of)","2045","Upper 80 PI","101458.122"
"Iran (Islamic Republic of)","2045","Lower 80 PI","94537.013"
"Iran (Islamic Republic of)","2045","Upper 95 PI","103326.324"
"Iran (Islamic Republic of)","2045","Lower 95 PI","92875.795"
"Iran (Islamic Republic of)","2044","Medium","97706.793"
"Iran (Islamic Republic of)","2044","High","103785.352"
"Iran (Islamic Republic of)","2044","Low","91799.142"
"Iran (Islamic Republic of)","2044","Constant fertility","97998.53"
"Iran (Islamic Republic of)","2044","Instant replacement","103626.754"
"Iran (Islamic Republic of)","2044","Zero migration","98802.728"
"Iran (Islamic Republic of)","2044","Constant mortality","93692.178"
"Iran (Islamic Republic of)","2044","No change","93981.761"
"Iran (Islamic Republic of)","2044","Momentum","100708.856"
"Iran (Islamic Republic of)","2044","Instant replacement zero migration","104777.811"
"Iran (Islamic Republic of)","2044","Median PI","97706.794"
"Iran (Islamic Republic of)","2044","Upper 80 PI","101000.57"
"Iran (Islamic Republic of)","2044","Lower 80 PI","94458.088"
"Iran (Islamic Republic of)","2044","Upper 95 PI","102712.862"
"Iran (Islamic Republic of)","2044","Lower 95 PI","92973.476"
"Iran (Islamic Republic of)","2043","Medium","97421.494"
"Iran (Islamic Republic of)","2043","High","103195.173"
"Iran (Islamic Republic of)","2043","Low","91841.761"
"Iran (Islamic Republic of)","2043","Constant fertility","97727.78"
"Iran (Islamic Republic of)","2043","Instant replacement","103058.681"
"Iran (Islamic Republic of)","2043","Zero migration","98462.398"
"Iran (Islamic Republic of)","2043","Constant mortality","93676.122"
"Iran (Islamic Republic of)","2043","No change","93980.265"
"Iran (Islamic Republic of)","2043","Momentum","100356.683"
"Iran (Islamic Republic of)","2043","Instant replacement zero migration","104150.407"
"Iran (Islamic Republic of)","2043","Median PI","97421.494"
"Iran (Islamic Republic of)","2043","Upper 80 PI","100545.193"
"Iran (Islamic Republic of)","2043","Lower 80 PI","94389.882"
"Iran (Islamic Republic of)","2043","Upper 95 PI","102120.199"
"Iran (Islamic Republic of)","2043","Lower 95 PI","93003.068"
"Iran (Islamic Republic of)","2042","Medium","97127.583"
"Iran (Islamic Republic of)","2042","High","102594.61"
"Iran (Islamic Republic of)","2042","Low","91871.829"
"Iran (Islamic Republic of)","2042","Constant fertility","97437.789"
"Iran (Islamic Republic of)","2042","Instant replacement","102487.634"
"Iran (Islamic Republic of)","2042","Zero migration","98113.767"
"Iran (Islamic Republic of)","2042","Constant mortality","93643.39"
"Iran (Islamic Republic of)","2042","No change","93951.521"
"Iran (Islamic Republic of)","2042","Momentum","99993.386"
"Iran (Islamic Republic of)","2042","Instant replacement zero migration","103520.447"
"Iran (Islamic Republic of)","2042","Median PI","97127.583"
"Iran (Islamic Republic of)","2042","Upper 80 PI","100069.347"
"Iran (Islamic Republic of)","2042","Lower 80 PI","94305.278"
"Iran (Islamic Republic of)","2042","Upper 95 PI","101546.659"
"Iran (Islamic Republic of)","2042","Lower 95 PI","93010.987"
"Iran (Islamic Republic of)","2041","Medium","96826.532"
"Iran (Islamic Republic of)","2041","High","101982.779"
"Iran (Islamic Republic of)","2041","Low","91890.606"
"Iran (Islamic Republic of)","2041","Constant fertility","97130.372"
"Iran (Islamic Republic of)","2041","Instant replacement","101914.742"
"Iran (Islamic Republic of)","2041","Zero migration","97758.351"
"Iran (Islamic Republic of)","2041","Constant mortality","93595.55"
"Iran (Islamic Republic of)","2041","No change","93897.443"
"Iran (Islamic Republic of)","2041","Momentum","99620.231"
"Iran (Islamic Republic of)","2041","Instant replacement zero migration","102889.103"
"Iran (Islamic Republic of)","2041","Median PI","96826.532"
"Iran (Islamic Republic of)","2041","Upper 80 PI","99611.32"
"Iran (Islamic Republic of)","2041","Lower 80 PI","94182.539"
"Iran (Islamic Republic of)","2041","Upper 95 PI","101007.131"
"Iran (Islamic Republic of)","2041","Lower 95 PI","92947.302"
"Iran (Islamic Republic of)","2040","Medium","96518.596"
"Iran (Islamic Republic of)","2040","High","101357.625"
"Iran (Islamic Republic of)","2040","Low","91898.439"
"Iran (Islamic Republic of)","2040","Constant fertility","96806.999"
"Iran (Islamic Republic of)","2040","Instant replacement","101339.945"
"Iran (Islamic Republic of)","2040","Zero migration","97396.446"
"Iran (Islamic Republic of)","2040","Constant mortality","93533.001"
"Iran (Islamic Republic of)","2040","No change","93819.63"
"Iran (Islamic Republic of)","2040","Momentum","99237.398"
"Iran (Islamic Republic of)","2040","Instant replacement zero migration","102256.366"
"Iran (Islamic Republic of)","2040","Median PI","96518.596"
"Iran (Islamic Republic of)","2040","Upper 80 PI","99135.334"
"Iran (Islamic Republic of)","2040","Lower 80 PI","94017.65"
"Iran (Islamic Republic of)","2040","Upper 95 PI","100428.087"
"Iran (Islamic Republic of)","2040","Lower 95 PI","92818.852"
"Iran (Islamic Republic of)","2039","Medium","96203.069"
"Iran (Islamic Republic of)","2039","High","100717.474"
"Iran (Islamic Republic of)","2039","Low","91894.94"
"Iran (Islamic Republic of)","2039","Constant fertility","96469.333"
"Iran (Islamic Republic of)","2039","Instant replacement","100762.534"
"Iran (Islamic Republic of)","2039","Zero migration","97027.363"
"Iran (Islamic Republic of)","2039","Constant mortality","93454.82"
"Iran (Islamic Republic of)","2039","No change","93719.512"
"Iran (Islamic Republic of)","2039","Momentum","98844.048"
"Iran (Islamic Republic of)","2039","Instant replacement zero migration","101621.568"
"Iran (Islamic Republic of)","2039","Median PI","96203.069"
"Iran (Islamic Republic of)","2039","Upper 80 PI","98654.044"
"Iran (Islamic Republic of)","2039","Lower 80 PI","93830.016"
"Iran (Islamic Republic of)","2039","Upper 95 PI","99851.915"
"Iran (Islamic Republic of)","2039","Lower 95 PI","92725.557"
"Iran (Islamic Republic of)","2038","Medium","95879.769"
"Iran (Islamic Republic of)","2038","High","100063.198"
"Iran (Islamic Republic of)","2038","Low","91880.351"
"Iran (Islamic Republic of)","2038","Constant fertility","96119.101"
"Iran (Islamic Republic of)","2038","Instant replacement","100181.387"
"Iran (Islamic Republic of)","2038","Zero migration","96650.966"
"Iran (Islamic Republic of)","2038","Constant mortality","93360.531"
"Iran (Islamic Republic of)","2038","No change","93598.519"
"Iran (Islamic Republic of)","2038","Momentum","98438.841"
"Iran (Islamic Republic of)","2038","Instant replacement zero migration","100983.647"
"Iran (Islamic Republic of)","2038","Median PI","95879.769"
"Iran (Islamic Republic of)","2038","Upper 80 PI","98171.787"
"Iran (Islamic Republic of)","2038","Lower 80 PI","93662.084"
"Iran (Islamic Republic of)","2038","Upper 95 PI","99315.477"
"Iran (Islamic Republic of)","2038","Lower 95 PI","92676.6"
"Iran (Islamic Republic of)","2037","Medium","95548.456"
"Iran (Islamic Republic of)","2037","High","99397.357"
"Iran (Islamic Republic of)","2037","Low","91854.86"
"Iran (Islamic Republic of)","2037","Constant fertility","95757.762"
"Iran (Islamic Republic of)","2037","Instant replacement","99595.052"
"Iran (Islamic Republic of)","2037","Zero migration","96267.091"
"Iran (Islamic Republic of)","2037","Constant mortality","93249.886"
"Iran (Islamic Republic of)","2037","No change","93458.079"
"Iran (Islamic Republic of)","2037","Momentum","98020.424"
"Iran (Islamic Republic of)","2037","Instant replacement zero migration","100341.224"
"Iran (Islamic Republic of)","2037","Median PI","95548.456"
"Iran (Islamic Republic of)","2037","Upper 80 PI","97657.755"
"Iran (Islamic Republic of)","2037","Lower 80 PI","93496.854"
"Iran (Islamic Republic of)","2037","Upper 95 PI","98733.598"
"Iran (Islamic Republic of)","2037","Lower 95 PI","92581.237"
"Iran (Islamic Republic of)","2036","Medium","95209.476"
"Iran (Islamic Republic of)","2036","High","98723.739"
"Iran (Islamic Republic of)","2036","Low","91819.182"
"Iran (Islamic Republic of)","2036","Constant fertility","95386.711"
"Iran (Islamic Republic of)","2036","Instant replacement","99002.318"
"Iran (Islamic Republic of)","2036","Zero migration","95876.136"
"Iran (Islamic Republic of)","2036","Constant mortality","93123.197"
"Iran (Islamic Republic of)","2036","No change","93299.543"
"Iran (Islamic Republic of)","2036","Momentum","97587.67"
"Iran (Islamic Republic of)","2036","Instant replacement zero migration","99693.145"
"Iran (Islamic Republic of)","2036","Median PI","95209.476"
"Iran (Islamic Republic of)","2036","Upper 80 PI","97147.112"
"Iran (Islamic Republic of)","2036","Lower 80 PI","93330.347"
"Iran (Islamic Republic of)","2036","Upper 95 PI","98137.538"
"Iran (Islamic Republic of)","2036","Lower 95 PI","92463.589"
"Iran (Islamic Republic of)","2035","Medium","94861.188"
"Iran (Islamic Republic of)","2035","High","98043.675"
"Iran (Islamic Republic of)","2035","Low","91772.017"
"Iran (Islamic Republic of)","2035","Constant fertility","95007.066"
"Iran (Islamic Republic of)","2035","Instant replacement","98401.99"
"Iran (Islamic Republic of)","2035","Zero migration","95476.495"
"Iran (Islamic Republic of)","2035","Constant mortality","92978.746"
"Iran (Islamic Republic of)","2035","No change","93123.943"
"Iran (Islamic Republic of)","2035","Momentum","97139.375"
"Iran (Islamic Republic of)","2035","Instant replacement zero migration","99038.277"
"Iran (Islamic Republic of)","2035","Median PI","94861.188"
"Iran (Islamic Republic of)","2035","Upper 80 PI","96648.002"
"Iran (Islamic Republic of)","2035","Lower 80 PI","93151.826"
"Iran (Islamic Republic of)","2035","Upper 95 PI","97555.745"
"Iran (Islamic Republic of)","2035","Lower 95 PI","92344.211"
"Iran (Islamic Republic of)","2034","Medium","94501.761"
"Iran (Islamic Republic of)","2034","High","97357.323"
"Iran (Islamic Republic of)","2034","Low","91711.94"
"Iran (Islamic Republic of)","2034","Constant fertility","94619.31"
"Iran (Islamic Republic of)","2034","Instant replacement","97792.671"
"Iran (Islamic Republic of)","2034","Zero migration","95066.377"
"Iran (Islamic Republic of)","2034","Constant mortality","92814.583"
"Iran (Islamic Republic of)","2034","No change","92931.625"
"Iran (Islamic Republic of)","2034","Momentum","96674.117"
"Iran (Islamic Republic of)","2034","Instant replacement zero migration","98375.278"
"Iran (Islamic Republic of)","2034","Median PI","94501.761"
"Iran (Islamic Republic of)","2034","Upper 80 PI","96123.262"
"Iran (Islamic Republic of)","2034","Lower 80 PI","92937.614"
"Iran (Islamic Republic of)","2034","Upper 95 PI","96950.068"
"Iran (Islamic Republic of)","2034","Lower 95 PI","92177.232"
"Iran (Islamic Republic of)","2033","Medium","94130.484"
"Iran (Islamic Republic of)","2033","High","96664.823"
"Iran (Islamic Republic of)","2033","Low","91638.802"
"Iran (Islamic Republic of)","2033","Constant fertility","94222.973"
"Iran (Islamic Republic of)","2033","Instant replacement","97172.374"
"Iran (Islamic Republic of)","2033","Zero migration","94645.122"
"Iran (Islamic Republic of)","2033","Constant mortality","92629.961"
"Iran (Islamic Republic of)","2033","No change","92722.084"
"Iran (Islamic Republic of)","2033","Momentum","96189.962"
"Iran (Islamic Republic of)","2033","Instant replacement zero migration","97702.222"
"Iran (Islamic Republic of)","2033","Median PI","94130.484"
"Iran (Islamic Republic of)","2033","Upper 80 PI","95587.891"
"Iran (Islamic Republic of)","2033","Lower 80 PI","92701.155"
"Iran (Islamic Republic of)","2033","Upper 95 PI","96318.439"
"Iran (Islamic Republic of)","2033","Lower 95 PI","91993.763"
"Iran (Islamic Republic of)","2032","Medium","93745.796"
"Iran (Islamic Republic of)","2032","High","95964.386"
"Iran (Islamic Republic of)","2032","Low","91551.808"
"Iran (Islamic Republic of)","2032","Constant fertility","93816.366"
"Iran (Islamic Republic of)","2032","Instant replacement","96538.037"
"Iran (Islamic Republic of)","2032","Zero migration","94211.207"
"Iran (Islamic Republic of)","2032","Constant mortality","92423.538"
"Iran (Islamic Republic of)","2032","No change","92493.86"
"Iran (Islamic Republic of)","2032","Momentum","95684.114"
"Iran (Islamic Republic of)","2032","Instant replacement zero migration","97016.082"
"Iran (Islamic Republic of)","2032","Median PI","93745.796"
"Iran (Islamic Republic of)","2032","Upper 80 PI","95046.491"
"Iran (Islamic Republic of)","2032","Lower 80 PI","92464.45"
"Iran (Islamic Republic of)","2032","Upper 95 PI","95699.854"
"Iran (Islamic Republic of)","2032","Lower 95 PI","91823.928"
"Iran (Islamic Republic of)","2031","Medium","93343.543"
"Iran (Islamic Republic of)","2031","High","95281.003"
"Iran (Islamic Republic of)","2031","Low","91417.758"
"Iran (Islamic Republic of)","2031","Constant fertility","93396.965"
"Iran (Islamic Republic of)","2031","Instant replacement","95886.246"
"Iran (Islamic Republic of)","2031","Zero migration","93760.503"
"Iran (Islamic Republic of)","2031","Constant mortality","92191.32"
"Iran (Islamic Republic of)","2031","No change","92244.575"
"Iran (Islamic Republic of)","2031","Momentum","95153.366"
"Iran (Islamic Republic of)","2031","Instant replacement zero migration","96313.485"
"Iran (Islamic Republic of)","2031","Median PI","93343.544"
"Iran (Islamic Republic of)","2031","Upper 80 PI","94497.141"
"Iran (Islamic Republic of)","2031","Lower 80 PI","92210.364"
"Iran (Islamic Republic of)","2031","Upper 95 PI","95081.739"
"Iran (Islamic Republic of)","2031","Lower 95 PI","91635.958"
"Iran (Islamic Republic of)","2030","Medium","92921.017"
"Iran (Islamic Republic of)","2030","High","94610.565"
"Iran (Islamic Republic of)","2030","Low","91234.719"
"Iran (Islamic Republic of)","2030","Constant fertility","92961.765"
"Iran (Islamic Republic of)","2030","Instant replacement","95213.497"
"Iran (Islamic Republic of)","2030","Zero migration","93290.338"
"Iran (Islamic Republic of)","2030","Constant mortality","91930.556"
"Iran (Islamic Republic of)","2030","No change","91971.192"
"Iran (Islamic Republic of)","2030","Momentum","94594.224"
"Iran (Islamic Republic of)","2030","Instant replacement zero migration","95590.977"
"Iran (Islamic Republic of)","2030","Median PI","92921.017"
"Iran (Islamic Republic of)","2030","Upper 80 PI","93941.74"
"Iran (Islamic Republic of)","2030","Lower 80 PI","91932.106"
"Iran (Islamic Republic of)","2030","Upper 95 PI","94444.396"
"Iran (Islamic Republic of)","2030","Lower 95 PI","91421.096"
"Iran (Islamic Republic of)","2029","Medium","92475.363"
"Iran (Islamic Republic of)","2029","High","93918.495"
"Iran (Islamic Republic of)","2029","Low","91030.517"
"Iran (Islamic Republic of)","2029","Constant fertility","92506.941"
"Iran (Islamic Republic of)","2029","Instant replacement","94515.65"
"Iran (Islamic Republic of)","2029","Zero migration","92797.887"
"Iran (Islamic Republic of)","2029","Constant mortality","91638.779"
"Iran (Islamic Republic of)","2029","No change","91670.28"
"Iran (Islamic Republic of)","2029","Momentum","94002.977"
"Iran (Islamic Republic of)","2029","Instant replacement zero migration","94844.447"
"Iran (Islamic Republic of)","2029","Median PI","92475.362"
"Iran (Islamic Republic of)","2029","Upper 80 PI","93352.975"
"Iran (Islamic Republic of)","2029","Lower 80 PI","91611.221"
"Iran (Islamic Republic of)","2029","Upper 95 PI","93798.977"
"Iran (Islamic Republic of)","2029","Lower 95 PI","91175.914"
"Iran (Islamic Republic of)","2028","Medium","92005.102"
"Iran (Islamic Republic of)","2028","High","93201.731"
"Iran (Islamic Republic of)","2028","Low","90804.491"
"Iran (Islamic Republic of)","2028","Constant fertility","92028.494"
"Iran (Islamic Republic of)","2028","Instant replacement","93788.583"
"Iran (Islamic Republic of)","2028","Zero migration","92281.696"
"Iran (Islamic Republic of)","2028","Constant mortality","91315.029"
"Iran (Islamic Republic of)","2028","No change","91338.37"
"Iran (Islamic Republic of)","2028","Momentum","93376.064"
"Iran (Islamic Republic of)","2028","Instant replacement zero migration","94069.795"
"Iran (Islamic Republic of)","2028","Median PI","92005.102"
"Iran (Islamic Republic of)","2028","Upper 80 PI","92739.219"
"Iran (Islamic Republic of)","2028","Lower 80 PI","91258.132"
"Iran (Islamic Republic of)","2028","Upper 95 PI","93133.656"
"Iran (Islamic Republic of)","2028","Lower 95 PI","90887.546"
"Iran (Islamic Republic of)","2027","Medium","91506.852"
"Iran (Islamic Republic of)","2027","High","92455.307"
"Iran (Islamic Republic of)","2027","Low","90554.053"
"Iran (Islamic Republic of)","2027","Constant fertility","91522.998"
"Iran (Islamic Republic of)","2027","Instant replacement","93028.885"
"Iran (Islamic Republic of)","2027","Zero migration","91738.398"
"Iran (Islamic Republic of)","2027","Constant mortality","90956.102"
"Iran (Islamic Republic of)","2027","No change","90972.22"
"Iran (Islamic Republic of)","2027","Momentum","92710.289"
"Iran (Islamic Republic of)","2027","Instant replacement zero migration","93263.636"
"Iran (Islamic Republic of)","2027","Median PI","91506.852"
"Iran (Islamic Republic of)","2027","Upper 80 PI","92110.15"
"Iran (Islamic Republic of)","2027","Lower 80 PI","90882.997"
"Iran (Islamic Republic of)","2027","Upper 95 PI","92442.625"
"Iran (Islamic Republic of)","2027","Lower 95 PI","90573.144"
"Iran (Islamic Republic of)","2026","Medium","90976.221"
"Iran (Islamic Republic of)","2026","High","91721.129"
"Iran (Islamic Republic of)","2026","Low","90227.713"
"Iran (Islamic Republic of)","2026","Constant fertility","90987.236"
"Iran (Islamic Republic of)","2026","Instant replacement","92233.347"
"Iran (Islamic Republic of)","2026","Zero migration","91163.617"
"Iran (Islamic Republic of)","2026","Constant mortality","90557.992"
"Iran (Islamic Republic of)","2026","No change","90568.991"
"Iran (Islamic Republic of)","2026","Momentum","92002.848"
"Iran (Islamic Republic of)","2026","Instant replacement zero migration","92422.792"
"Iran (Islamic Republic of)","2026","Median PI","90976.221"
"Iran (Islamic Republic of)","2026","Upper 80 PI","91462.05"
"Iran (Islamic Republic of)","2026","Lower 80 PI","90474.022"
"Iran (Islamic Republic of)","2026","Upper 95 PI","91737.548"
"Iran (Islamic Republic of)","2026","Lower 95 PI","90232.432"
"Iran (Islamic Republic of)","2025","Medium","90410.659"
"Iran (Islamic Republic of)","2025","High","90996.388"
"Iran (Islamic Republic of)","2025","Low","89822.511"
"Iran (Islamic Republic of)","2025","Constant fertility","90418.334"
"Iran (Islamic Republic of)","2025","Instant replacement","91398.997"
"Iran (Islamic Republic of)","2025","Zero migration","90554.815"
"Iran (Islamic Republic of)","2025","Constant mortality","90118.757"
"Iran (Islamic Republic of)","2025","No change","90126.423"
"Iran (Islamic Republic of)","2025","Momentum","91251.385"
"Iran (Islamic Republic of)","2025","Instant replacement zero migration","91544.304"
"Iran (Islamic Republic of)","2025","Median PI","90410.66"
"Iran (Islamic Republic of)","2025","Upper 80 PI","90786.078"
"Iran (Islamic Republic of)","2025","Lower 80 PI","90036.968"
"Iran (Islamic Republic of)","2025","Upper 95 PI","90998.057"
"Iran (Islamic Republic of)","2025","Lower 95 PI","89858.416"
"Iran (Islamic Republic of)","2024","Medium","89809.781"
"Iran (Islamic Republic of)","2024","High","90233.001"
"Iran (Islamic Republic of)","2024","Low","89385.284"
"Iran (Islamic Republic of)","2024","Constant fertility","89814.285"
"Iran (Islamic Republic of)","2024","Instant replacement","90523.607"
"Iran (Islamic Republic of)","2024","Zero migration","89911.621"
"Iran (Islamic Republic of)","2024","Constant mortality","89638.417"
"Iran (Islamic Republic of)","2024","No change","89642.916"
"Iran (Islamic Republic of)","2024","Momentum","90454.103"
"Iran (Islamic Republic of)","2024","Instant replacement zero migration","90625.957"
"Iran (Islamic Republic of)","2024","Median PI","89809.781"
"Iran (Islamic Republic of)","2024","Upper 80 PI","90073.323"
"Iran (Islamic Republic of)","2024","Lower 80 PI","89556.266"
"Iran (Islamic Republic of)","2024","Upper 95 PI","90218.558"
"Iran (Islamic Republic of)","2024","Lower 95 PI","89428.415"
"Iran (Islamic Republic of)","2023","Medium","89172.767"
"Iran (Islamic Republic of)","2023","High","89429.618"
"Iran (Islamic Republic of)","2023","Low","88915.443"
"Iran (Islamic Republic of)","2023","Constant fertility","89173.893"
"Iran (Islamic Republic of)","2023","Instant replacement","89605.652"
"Iran (Islamic Republic of)","2023","Zero migration","89233.222"
"Iran (Islamic Republic of)","2023","Constant mortality","89116.509"
"Iran (Islamic Republic of)","2023","No change","89117.635"
"Iran (Islamic Republic of)","2023","Momentum","89609.845"
"Iran (Islamic Republic of)","2023","Instant replacement zero migration","89666.234"
"Iran (Islamic Republic of)","2023","Median PI","89172.767"
"Iran (Islamic Republic of)","2023","Upper 80 PI","89330.08"
"Iran (Islamic Republic of)","2023","Lower 80 PI","89025.529"
"Iran (Islamic Republic of)","2023","Upper 95 PI","89416.908"
"Iran (Islamic Republic of)","2023","Lower 95 PI","88945.981"
"Iran (Islamic Republic of)","2022","Medium","88550.57"
"Iran (Islamic Republic of)","2022","High","88636.897"
"Iran (Islamic Republic of)","2022","Low","88464.154"
"Iran (Islamic Republic of)","2022","Constant fertility","88550.57"
"Iran (Islamic Republic of)","2022","Instant replacement","88696.254"
"Iran (Islamic Republic of)","2022","Zero migration","88570.569"
"Iran (Islamic Republic of)","2022","Constant mortality","88550.57"
"Iran (Islamic Republic of)","2022","No change","88550.57"
"Iran (Islamic Republic of)","2022","Momentum","88716.254"
"Iran (Islamic Republic of)","2022","Instant replacement zero migration","88716.254"
"Iran (Islamic Republic of)","2022","Median PI","88550.57"
"Iran (Islamic Republic of)","2022","Upper 80 PI","88603.75"
"Iran (Islamic Republic of)","2022","Lower 80 PI","88502.306"
"Iran (Islamic Republic of)","2022","Upper 95 PI","88633.232"
"Iran (Islamic Republic of)","2022","Lower 95 PI","88475.109"
"Iran (Islamic Republic of)","2021","Medium","87923.432"
"Iran (Islamic Republic of)","2020","Medium","87290.193"
"Iran (Islamic Republic of)","2019","Medium","86564.202"
"Iran (Islamic Republic of)","2018","Medium","85617.562"
"Iran (Islamic Republic of)","2017","Medium","84505.076"
"Iran (Islamic Republic of)","2016","Medium","83306.231"
"Iran (Islamic Republic of)","2015","Medium","81790.841"
"Iran (Islamic Republic of)","2014","Medium","79961.672"
"Iran (Islamic Republic of)","2013","Medium","78458.928"
"Iran (Islamic Republic of)","2012","Medium","77324.451"
"Iran (Islamic Republic of)","2011","Medium","76342.971"
"Iran (Islamic Republic of)","2010","Medium","75373.855"
"Iran (Islamic Republic of)","2009","Medium","74322.685"
"Iran (Islamic Republic of)","2008","Medium","73318.394"
"Iran (Islamic Republic of)","2007","Medium","72319.418"
"Iran (Islamic Republic of)","2006","Medium","71275.76"
"Iran (Islamic Republic of)","2005","Medium","70182.594"
"Iran (Islamic Republic of)","2004","Medium","69061.674"
"Iran (Islamic Republic of)","2003","Medium","67954.699"
"Iran (Islamic Republic of)","2002","Medium","67327.117"
"Iran (Islamic Republic of)","2001","Medium","66674.851"
"Iran (Islamic Republic of)","2000","Medium","65544.383"
"Iran (Islamic Republic of)","1999","Medium","64474.745"
"Iran (Islamic Republic of)","1998","Medium","63461.421"
"Iran (Islamic Republic of)","1997","Medium","62480.533"
"Iran (Islamic Republic of)","1996","Medium","61598.378"
"Iran (Islamic Republic of)","1995","Medium","60794.809"
"Iran (Islamic Republic of)","1994","Medium","59985.749"
"Iran (Islamic Republic of)","1993","Medium","59755.43"
"Iran (Islamic Republic of)","1992","Medium","59372.016"
"Iran (Islamic Republic of)","1991","Medium","57990.883"
"Iran (Islamic Republic of)","1990","Medium","55793.629"
"Iran (Islamic Republic of)","1989","Medium","53644.736"
"Iran (Islamic Republic of)","1988","Medium","52111.868"
"Iran (Islamic Republic of)","1987","Medium","50541.49"
"Iran (Islamic Republic of)","1986","Medium","48913.237"
"Iran (Islamic Republic of)","1985","Medium","47266.16"
"Iran (Islamic Republic of)","1984","Medium","45628.402"
"Iran (Islamic Republic of)","1983","Medium","44027.986"
"Iran (Islamic Republic of)","1982","Medium","42500.03"
"Iran (Islamic Republic of)","1981","Medium","40476.251"
"Iran (Islamic Republic of)","1980","Medium","38520.664"
"Iran (Islamic Republic of)","1979","Medium","37205.013"
"Iran (Islamic Republic of)","1978","Medium","35993.661"
"Iran (Islamic Republic of)","1977","Medium","34876.497"
"Iran (Islamic Republic of)","1976","Medium","33841.06"
"Iran (Islamic Republic of)","1975","Medium","32856.976"
"Iran (Islamic Republic of)","1974","Medium","31895.534"
"Iran (Islamic Republic of)","1973","Medium","30981.898"
"Iran (Islamic Republic of)","1972","Medium","30111.574"
"Iran (Islamic Republic of)","1971","Medium","29273.682"
"Iran (Islamic Republic of)","1970","Medium","28449.705"
"Iran (Islamic Republic of)","1969","Medium","27643.685"
"Iran (Islamic Republic of)","1968","Medium","26875.302"
"Iran (Islamic Republic of)","1967","Medium","26133.341"
"Iran (Islamic Republic of)","1966","Medium","25398.7"
"Iran (Islamic Republic of)","1965","Medium","24667.026"
"Iran (Islamic Republic of)","1964","Medium","23948.624"
"Iran (Islamic Republic of)","1963","Medium","23259.094"
"Iran (Islamic Republic of)","1962","Medium","22605.05"
"Iran (Islamic Republic of)","1961","Medium","21983.622"
"Iran (Islamic Republic of)","1960","Medium","21388.806"
"Iran (Islamic Republic of)","1959","Medium","20821.847"
"Iran (Islamic Republic of)","1958","Medium","20295.117"
"Iran (Islamic Republic of)","1957","Medium","19805.912"
"Iran (Islamic Republic of)","1956","Medium","19332.414"
"Iran (Islamic Republic of)","1955","Medium","18873.864"
"Iran (Islamic Republic of)","1954","Medium","18434.881"
"Iran (Islamic Republic of)","1953","Medium","18017.545"
"Iran (Islamic Republic of)","1952","Medium","17614.454"
"Iran (Islamic Republic of)","1951","Medium","17219.627"
"Iran (Islamic Republic of)","1950","Medium","16832.834"

